Ship's Name,IMO number,Call Sign,Flag Country,Port of registry ,Year Built,Owner ,Operator,Type of Cargo Containment System,Tank Capacity (total 100% full),Classification Society, 1st Gas management System,2ndGas management System, LOA,LBP,Breadth (Moulded),Depth (Moulded),Upper deck height above BL,Manifold heigh above BL,Draft  (Design),Draft  (Ballast),Draft  (Load),Displacement (Design),Displacement (Loaded) ,Gross tonnage,Allowable Hull Pressure (ton/m²),Ballast Fender Percentage AA->DD,Fender Reaction Force (%) AA,Fender Reaction Force (%) BB,Fender Reaction Force (%) CC,Fender Reaction Force (%) DD,Loaded Fender Percentage AA->DD,Fender Reaction Force (ton) AA,Fender Reaction Force (ton) BB,Fender Reaction Force (ton) CC,Fender Reaction Force (ton) DD,Berthing Energy & Fender Absorb Percentage,Mooring Rope,Rope BL,Mooring Tail,Tail BL,Mooring Pattern,Gangway B-A,Gangway D-C,Margin Gangway Upper,Margin Gangway Lower,Manifold Space,ESD By-Pass,Maximum Flow ,Maximum Manifold Barrg,Margin Manifold Upper,Margin Manifold Lower,FiberOpic Connector Type,Electric Connector Type,Primary CTMS,Secondary CTMS,SDP Outside Diameter,SDP inside Diameter,Flage Thickness,Raised Face,Surface Finish,Count of SDP onboard,Higher Sunkenbitt BL,Higher Sunkenbitt Load,Lower Sunkenbitt BL2,Lower Sunkenbitt Load3,
AL HAMRA,9074640,ELTL9,LIBERIA,MONROVIA,1997,AL HAMRA LTD,ADNOC,Moss-Type,137128.64,LLOYDS,Gas Burning,N/A,290.1,273.23,48.18,27,27,30.97,0,9.8,11.4,0,"108,000.00","108,000.00",20,"0, 90, 100, 100",0%,28%,21%,21%,"0, 90, 100, 100",0%,27%,20%,20%,"145.5, 26.2%",Steel wire ,137,Fibre ropes polyprop,194,FWD : 2/2/2/2 :::::::: 2/2/2/2 AFT  ,3,1.9,1.5,3,"3.5, 3.5, 3.5, 3.5",None,"11,000",5,2.33,1.57,FO type 6 cores,"1/2"" SNAP-TITE MALE QDC FITTING
1/2"" BSPP 316 ST/ST",Radar type level gauge,Radar type level gauge,595,380,37.7,468.9 mm,"6.5 Max, 5.9 Min.",5,4.08,2.48,4.08,2.475,
Al Reef,9972945,5LPF7,LIBERIA,MONROVIA,2025,AL REEF LTD.,ADNOC Logistics & Services,Membrane,175008.82,DNV,Gas Burning,GCU,298.5,290.5,46,26.5,26.5,31.2,0,9.5,11.6,0,"117,362.00","117,362.00",20,"70, 100, 100, 100",27%,18%,22%,25%,"100, 100, 100, 100",18%,17%,20%,23%,"156, 28.09%",HMPE ,125,Polypropylene/ Polyester mixed,156,FWD : 3/2/2/2 :::::::: 2/2/2/3 AFT  ,3,2.3,1.7,2.3,"3, 3, 3, 3",Have,"14,800",4,1.8,1.6,6 way connector,37-way Pyle National compatible ATEX,RADAR,RADAR,597,387.4,38.7,469.9 mm,"6.3 Max, 3.2 Min.",10,5.95,3.85,3.5,1.4,
AL SHELILA,9965423,5LPF5,LIBERIA,MONROVIA,16/7/1905,AL SHELILA INC,,Membrane,174837.521,DNV,GCU,N/A,298.5,290.5,46,26.5,26.5,31.2,11.5,9.5,11.5,117541,128962,128962,20,"70, 100, 100, 100",0.27,0.18,0.22,0.25,"100, 100, 100, 100",0.18,0.17,0.2,0.23,"171.4, 30.86%",Syntetic UHMWPE,129,Other,169,FWD : 3/2/2/2 :::::::: 2/2/2/3 AFT  ,10,1,1.7,2.4,"3000, 3000, 3000, 3000",Have,14800,5,1.8,1.7,6-way compatible (6 core) connector,Pyle National 37 Pin,RADAR,RADAR,597,387,38.2,469.9 mm,"6.3 Max, 3.2 Min.",5,2,0,-0.2,-2.2,
AMANI,9661869,V8V3146,BRUNEI DARUSSALAM,MUARA,,BGC Four (NBD) Sendirian Berhad. ,Brunei Gas Carrier Sendirian Berhad,Membrane,155024,American Bureau of Shipping,Gas Burning,GCU,288.33,275.8,44.2,26,26,31.68,11.5,9.4,11.5,"107,017.00","107,017.00","107,017.00",20,"100, 40, 100, 79",0,60%,17%,24%,"100, 67, 100, 100",0%,35%,15%,17%,"142.2, 25.6%",Polyamind Aramid,137,nylon,171,FWD : 2/2/2/2 :::::::: 2/2/2/2 AFT  ,5.5,2.9,2.1,1.9,"3, 3, 3, 3",?,"14,000","Normal Operating 5.0 bar   (Liquid ) /
0.2 bar(Vapor return)",1.22,2.18,FO type 6 Core,37-way pyle,Rosemount Tank Radar STaR SCU / R2570,Rosemount Tank Radar STaR SCU / R2570,597,381,37.95 - 38.15,469.9 mm,"6.3 Max, 3.2 Min.",4,,,,,
ARISTIDIS I,9862906,9HA5237,MALTA,VALETTA,2021,ATROTOS GAS CARRIER CORP.,CAPITAL GAS MANAGEMENT CORP.,Membrane,174007.01,LR,Gas Burning,Reliq Plant,299.06,291,46.4,26.5,26.5,30.8,0,9.3,11.5,0,"116,250.00","116,250.00",20,"0, 100, 100, 100",0%,22%,22%,23%,"0, 100, 100, 100",0%,22%,20%,21%,"154.5, 27.82%",HMPE ,131,POLYESTER/OLEFIN,163,FWD : 2/2/2/2 :::::::: 2/2/2/2 AFT  ,13,2,1.5,2.4,"3, 3, 3, 3",Have,"12,252",4,2,1.3,Fibre Optic 6 Core Connector,"SVHC8-8M(Male), SVHN8-8F(female)",Radar beam level type measurement,Float level Gauge,595,387,36.6,469.9 mm,"3.2 Max, 6.3 Min.",5,11.6,9.4,4.12,1.915,
British Listener,976566,MAOR6,Isle of Man,Douglas,2019,Hai Kuo Shipping,Daewoo Shipbuilding and Marine Engineering ,Membrane,173690,LR,Gas Burning,GCU,294.9,282.9,46.4,26.5,26.5,31.23,11.5,9.4,12.5,"119,610.70","131,207.00","131,207.00",20,"100, 100, 100, 100",0.18,17%,21%,24%,"100, 100, 100, 100",17%,17%,20%,23%,"180, 32.41%",Syntetic HMPE,125,polyester,158,FWD : 3/2/2/2 :::::::: 2/2/2/3 AFT  ,10,2.64,1.6,1.4,"3, 3, 3, 3",Have,"14,000",5,1.67,0.73,FC connector (6pin),HDE-B1716-621SL- AG (female) Pyle National AF Series Compatible ,Radar,Radar,595.4,381,36.6,1.6 mm,"6.3 Max, 3.2 Min.",5,6.66,3.56,4.03,0.93,
British Sponsor,9766580,MAOR4,Isle of Man,Douglas,2019,Natural Gas Ocean Transportation Investments No. 20 SPC D S.A.,BP Shipping Ltd,Membrane,173690,LR,Gas Burning,GCU,294.9,282.9,46.4,26.5,26.5,31.23,0,9.4,11.5,0,"119,610.70","119,610.70",20,"100, 100, 100, 100",20%,19%,24%,28%,"100, 100, 100, 100",22%,20%,24%,28%,"158.9, 28.61%",HMPE ,125,Polyester,158,FWD :3/2/2/2 :::::::: 2/2/2/3 AFT  ,10,2.64,1.6,2.4,"3, 3, 3, 3",Have,"14,000",4,1.67,1.73,FC connector (6pin),HDE-B1716-621SL- AG (female) Pyle National AF Series Compatible ,Radar,Radar,595.4,381,36.6,470 mm,"6.3 Max, 3.2 Min.",5,6.66,4.56,4.03,1.93,
BW HELIOS,9873852,9V6826,SINGAPORE,SINGAPORE,2021,SELENE NAVIGATION Pte.Ltd,BW FLEET MANAGEMENT AS,Membrane,174281.5,DNV,Gas Burning,Reliq Plant,294.9,288.5,46.4,46.4,26.5,31.21,0,9.3,11.5,0,117252.9,117252.9,20,"47, 100, 100, 100",0.39,0.18,0.23,0.27,"100, 100, 100, 100",0.17,0.17,0.21,0.25,"155.8, 28.05%",HMPE ,128,"POLYOLEFINS, SYNTHETIC",165,FWD : 3/2/2/2(in) :::::::: 2/2/2/3 AFT  ,5,2.25,1.5,2.4,"3, 3, 3, 3",Have,12250,4,1.59,1.71,FC TYPE 6 CORES,"HDE-1016-3716-M, 37 PYLE NATIONAL",RADAR,RADAR,595.4,387.4,36.6,460 mm,"6.3 Max, 3.2 Min.",5,6.38,4.18,3.89,1.691,
CELSIUS CANBERRA,9864796,V7A4348,MARSHALL ISLANDS,MAJURO,2021,"Xiang CH27 HK International Ship Lease Co.,Limited",Celsius Tech Limited,Membrane,180259.77,Lloyds Register,Gas Burning,GCU,299.15,292,45.8,26.2,26.2,31,0,9.6,11.5,0,"122,313.30","122,313.30",14,"100, 100, 100, 100",27%,26%,32%,37%,"100, 100, 100, 100",26%,24%,30%,34%,"164.7, 29.65%",HMPE ,127,nylon,161,FWD : 3/2/2/2 :::::::: 2/2/2/3 AFT  ,4.7,2.6,2.1,2.1,"3, 3, 3, 3",Have,"15,600",5,2.1,1.5,6- WAY (FURUKAWA - Compatible ) fo ship type connectorV.23 A Sync Modem,Pyle-National compatible 37 way - connector,Radar Guaging System,Radar Guaging System,595,387.4,38,460 mm,"6.3 Max, 3.2 Min.",10,6.89,4.99,3.59,1.69,
Celsius Carolina,9878723,V7A4385,Marshall Islands,Majuro,2021,Frigg Shipco 2 LLC,Celsius Tech Limited,Membrane,180243.5,Lloyds Register,Gas Burning,GCU,299.16,292,45.8,26.2,26.2,31,0,9.6,11.5,0,"123,265.00","123,265.00",20,"100, 100, 100, 100",19%,19%,23%,27%,"100, 100, 100, 100",18%,17%,21%,24%,"106.4, 19.16%",UHMWPE ,127,Polypropylene/Polyester Composite 8 Strand,159,FWD : 3/2/2/2 :::::::: 2/2/2/3 AFT  ,9,2,2.1,2.1,"3, 3, 3, 3",Have,"15,600",4,2.1,1.5,6-WAY FO SHIP TYPE CONNECTORS,PYLE-NATTIONAL COMPATIBLE 37 WAY-CONNECTOR,"Custody Transfer System, Secondary Level Gauging System, Tank Overfill, Protection System GLA-310/5","Custody Transfer System, Secondary Level Gauging System, Tank Overfill, Protection System GLA-310/5",595,387.4,36.6,460 mm,"6.3 Max, 3.2 Min.",10,6.89,4.99,3.59,1.69,
CELSIUS GREENWICH,9948724,V7A6308,Marshall Islands,MAJURO,2024,"XIANG H24 INTERNATIONAL SHIP LEASE CO., LIMITED",CELSIUS TECH LTD,Membrane,179999,LR,Gas Burning,GCU,299.16,292,45.8,26.2,26.2,30.9,0,9.6,11.5,0,"121,575.00","121,575.00",20,"100, 100, 100, 100",19%,19%,23%,27%,"100, 100, 100, 100",18%,17%,21%,24%,"161.6, 29.1%",HMPE ,127,POLYSTER,160,FWD : 3/2/2/2 :::::::: 2/2/2/3 AFT  ,2.5,0.6,2.1,2.1,"3, 3, 3, 3",Have,"15,600",5,2.2,1.4,6-WAY (FURUKAWA - COMPATIBLE) FO SHIP TYPE CONNECTORS,"PYLE-NATTIONAL COMPATIBLE 37 WAY-CONNECTOR
AF-B1716-621SL-AG(RECEPTACLE) & AF-1016-621PL-37(PLUG))
MIYAKI COMPATIBLE 6-WAY CONNECTORS (X3) ESD/TEL1/TEL2","Custody Transfer System, Secondary Level Gauging System, Tank Overfill Protection System GLA-310/5","Custody Transfer System, Secondary Level Gauging System, Tank Overfill Protection System GLA-310/5",595,387,36.6,469.9 mm,"6.3 Max, 3.2 Min.",8,7.12,5.22,4.04,2.137,
Clean Cajun,9886732,9HA5493,Malta,Valletta,2022,Platia Shipping Limited,Hyundai Heavy Industries,Membrane,199829.51,BV,Gas Burning,GCU,299.78,294.6,48.9,26.9,26.9,31.15,0,9.3,11.5,0,"130,266.00","130,266.00",32.6,"100, 100, 100, 100",5%,14%,13%,14%,"100, 100, 100, 100",11%,11%,13%,14%,"173.1, 31.17%",UHMPE ,131,nylon,164,FWD : 3/2/2/2 :::::::: 2/2/2/3 AFT  ,2.5,30.9,1.1,2.8,"3, 3, 3, 3",Have,"16,400",4,1.65,1.65,FC - Type-Way Furukawa-compatible (6 core) connector,37-Way Receptacle & Miyaki Telephone Receptacle,Radar Level Gauge,Float Level Gauge,595,387,38,460 mm,"6.3 Max, 3.2 Min.",5,3.58,1.38,3.75,1.55,
Clean Destiny,9943487,9HA5750,Malta,Valletta,2023,Green Ships Limited,Hyundai Heavy Industries,Membrane,199881.1,BV,Gas Burning,GCU,299.78,294.6,48.9,26.9,26.9,31.15,0,9.3,11.5,0.00,"130,266.00","130,266.00",32.6,"100, 100, 100, 100",5%,14%,13%,14%,"100, 100, 100, 100",11%,11%,13%,14%,"173.1, 31.17%",UHMPE ,131,nylon,164,FWD : 3/2/2/2 :::::::: 2/2/2/3 AFT  ,2.5,30.9,1.1,2.8,"3, 3, 3, 3",Have,"16,400",4,1.65,1.65,FC - Type-Way Furukawa-compatible (6 core) connector,37-Way Receptacle & Miyaki Telephone Receptacle,Radar Level Gauge,Float Level Gauge,595,387,38,469.9 mm,"6.3 Max, 3.2 Min.",5,3.58,1.38,3.75,1.55,
Cool Explorer,9640023,9HA3616,Malta,Valletta ,2015,Safe port marine Ltd.,Thenamaris LNG Inc,Membrane,160562.3,DNV,Gas Burning,Gas Burning,280.5,269,43.4,26.6,26.6,32.24,0,9.58,11.73,0,"108,088.70","108,088.70",20,"73, 100, 100, 100",0.25,17%,21%,23%,"100, 100, 100, 100",18%,16%,20%,22%,"143.6, 25.86%",HMPE ,127,NYLON 8,162,FWD : 2/2/2/2 :::::::: 2/2/2/2 AFT  ,8.5,2.33,1.68,2.27,"3, 3, 3, 3",Have,"14,000",4,0.84,2.51,NFI 6 Way,37 Way Connector,GLA-100/5,GLA-100/5,595,387,36.6,469 mm,"6.3 Max,  3.2 Min.",6,6.82,4.67,3.39,1.24,
COOL RANGER,9333606,9HA5862,MALTA,VALLETTA,2008,ANEMOS VENTURES LTD,THENAMARIS LNG INC.,Membrane,155031.9,Lloyds Register,Reliq Plant,GCU,288.43,275,44.2,26,26,30.94,0,9.46,11.49,0,"108,459.40","108,459.40",20,"52, 100, 100, 100",35%,17%,18%,19%,"100, 100, 100, 100",12%,12%,18%,19%,"146.1, 26.31%",HMPE ,128,50% H.T Polyester - 50% H.T. Olefin,160,FWD : 3/2/2/2 :::::::: 2/2/2/3 AFT  ,7.5,2.9,2.16,1.91,"3, 3, 3, 3",?,"14,000",4,2.02,1.45,6 Fibre core cable connector,"37-way pyle receptacle, Miyaki Connector",Saab Tank Radar,Fig. 3304,595,387.4,36.6,469.9 mm,"6.3 Max, 3.2 Min.",5,5.54,3.51,4.94,2.91,
ELISA HALCYON,9980552,FOLI,France,Maeseille,2025,SNC Van Gogh Bail,Gazocean SAS,Membrane,174028.8,Bureau Veritas,Gas Burning,N/A,297.23,291.6,46.4,26.5,26.5,3.03,0,9.04,11.5,0,"119,089.00","119,089.00",20,"100, 100, 100, 99",0%,30%,24%,27%,"100, 100, 100, 100",0%,31%,24%,27%,"158.3, 28.5%",HMPE (Izanas SK-777) ,131,Polypropylene & Polyester,165,FWD : 2/2/3/2 :::::::: 2/3/2/2 AFT  ,10,2.55,1.24,2.4,"3, 3, 3, 3",Have,"12,000",4,1.54,1.5,Fiber Optic Core 6 Core Connector,MIYAKI 37 way,Radar level gauging system,Float level gauging system,597,381,36.6,470 mm,"6.3 Max, 3.2 Min.",5,7.64,5.18,4.38,1.915,
Energy Atlantic,9649328,9HA3976,Malta ,Valletta,2015,Spectacle Shipping and Trading LTD,Alpha Gas S.A.,Membrane,159881.87,BV,Gas Burning,GCU,290,278,46,26,26,31.1,0,9.17,11.6,0,"114,674.00","114,674.00",20,"77, 100, 100, 100",25%,19%,23%,25%,"100, 100, 100, 100",16%,17%,24%,26%,"143.8, 25.89%",UHMWPE ,125,Synthetic,161,FWD : 3/2/2/2 :::::::: 2/2/2/3 AFT  ,2.5,1.85,1.87,1.8,"3, 3, 3, 3",Have,"12,900",5,1.57,1.5,6 way Fibre Optic Connector,37 way receptacle,Radar,FLOAT,597,387.4,36.6,469.9 mm,"6.4 Max, 3.2 Min.",10,7.89,5.46,4.55,2.123,
Flex Amber,9857377,V7A2865,Marshall Islands,Majuro,2020,Flex Lng Amber LTD,Flex LNG,Membrane,"174,253.06",DNV,Gas Burning,GCU,297.09,291,46.4,26.5,26.5,30.8,0,9.37,11.5,0,"114,174.00","114,174.00",20,"77, 100, 100, 89",25%,18%,22%,28%,"100, 100, 100, 100",19%,17%,20%,23%,"151.7, 27.31%",HMPE ,125,Nylon,175,FWD : 3/2/2/2 :::::::: 2/2/2/3 AFT  ,18.98,2.89,1.57,2.4,"3, 3, 3, 3",Have,"14,000",4,2.07,1.3,FC Type connector 6 core,37 Way,Radar,Radar,595,387,37,469.9 mm,"3.2 Max, 6.3 Min.",8,7.31,5.18,4.05,1.915,
Flex Freedom,9862308,V7A2791,Marshall Islands,Majuro,13/7/1905,Flex Freedom Ltd,DSME,Membrane,173636.581,DNV,Gas Burning,GCU,294.4,282.9,46.4,26.5,26.5,31.21,11.5,9.4,11.5,"119,637.00","119,637.00","119,637.00",20,"100, 100, 100, 100",0.19,18%,22%,25%,"100, 100, 100, 100",19%,18%,21%,23%,"159, 28.63%",Syntetic UHMWPE,125,polyester,160,FWD : 2/2/3/2 :::::::: 2/3/2/2 AFT  ,19,2.7,1.6,2.4,"3, 3, 3, 3",Have,"14,000",4,1.69,1.71,FC 6 core,Pyle 37 way,Kongsberg GLA-310/5 Radar Level gauging system,"Whessoe Gauging, Type of sensor : Fig 3304",595.4,387.4,37.5,470 mm,"6.3 Max, 3.2 Min.",10,6.66,4.56,4.03,1.93,
Flex Ranger,9709025,V7XI9,Marshall Islands,Majuro,2018,Flex LNG Ranger Ltd,Flex LNG Fleet Management AS,Membrane,174202.086,ABS,Gas Burning,GCU,293.16,285,45.84,26.2,26.2,31.5,11.5,9.6,11.5,0,"117,677.00","117,677.00",20,"100, 100, 100, 100",0.2,19%,22%,25%,"100, 100, 100, 100",19%,18%,21%,23%,"156.4, 28.16%",HMPE ,135,Nylon,185,FWD : 2/2/3/2 :::::::: 2/3/2/2 AFT  ,15.5,2.9,2.1,2.1,"3, 3, 3, 3",Have,"14,000",4,1.6,2,FC Type connector 6 core,Pyke National,Radar,Radar,597,387.4,36.6,469.9 mm,"6.3 Max, 3.2 Min.",10,6.67,4.77,3.45,1.55,
Gaslog Georgetown,9864916,ZCEZ2,Bermuda,Hamilton,2020,Gas - thirty two Ltd.,GASLOG LNG Services Ltd,Membrane GTT,174344.8,ABS,Gas Burning,GCU,293.16,286,45.8,26.2,26.2,31.1,0,9.62,11.5,0,"118,030.10","118,030.10",14,"62, 100, 100, 100",39%,24%,30%,33%,"100, 100, 100, 100",23%,22%,28%,31%,"156.9, 28.25%",HMPE ,127,PE,161,FWD : 2/2/2/2(in) :::::::: 2/2/2/2 AFT  ,6,3.1,2.12,2.1,"3, 3, 3, 3",Have,"13,350",4,2.02,1.6,6-way (Furukawa-compatible) FO ship type connector,"37-Way pyle national Electrical Receptable, 4-Way Electrical Receptable",Radar Level,Radar Level,597,387,36.6,469.9 mm,"6.3 Max, 3.2 Min.",5,6.92,5.04,3.63,1.75,
GASLOG ITALY,9962407,ZCHF5,Bermuda,Hamilton,2024,Sea 311 Leasing Co. Limited,Gaslog LNG Services Ltd,Membrane,174278.2,ABS,Gas Burning,Reliq Plant,294.9,285.89,46.4,26.5,26.5,31.2,0,9.3,11.5,0,"129,178.00","129,178.00",17.6,"100, 100, 100, 100",15%,22%,25%,27%,"100, 100, 100, 100",19%,18%,23%,25%,"85.4, 15.38%",HMPE ,125,PE,161,FWD : 2/2/2/2(in) :::::::: 2/2/2/2 AFT  ,6,2.97,1.5,2.4,"3, 3, 3, 3",None,"13,350",10,1.6,1.7,6-way connector FO ship type connectors,Pyle National 37-way & 4-way electrical receptacle ,Radar Gauge,Radar Gauge,595,387,36.6,470 mm,"6.3 Max, 3.2 Min.",10,6.38,4.18,3.89,1.691,
HL Alyssa Warner,9972359,5LVG2,Liberia,Monrovia,2025,NEPTUNE 1 S.A.,Northem Marine Management,Membrane,174366.3,LR & KR,Gas Burning,GCU,293,284.5,45.8,26.2,26.2,31,11.5,9.4,11.5,"116,055.00","116,055.00","116,055.00",20,"29, 100, 100, 100",0.58,18%,22%,24%,"77, 100, 100, 100",24%,18%,22%,25%,"154.2, 27.76%",Polyamind UHMWPE,127,nylon,162,FWD : 3/2/2/2 :::::::: 2/2/2/3 AFT  ,9.88,1.9,1.9,2.1,"3000, 3000, 3000, 3000",Have,"14,200",5,1.9,1.5,6 way Furukawa compatible,Pyle National 37 way connector,Radar,Radar,597,381,36.6,469.9 mm,"6.3 Max, 3.2 Min.",10,7.22,5.12,4.3,2.2,
HUASHAN,9958652,VRVU8,"HONG KONG, CHINA",HONG KONG,2023,"UNITED PEACE LNG SHIPPING CO., LTD.","COSCO SHIPPING LNG (Hong Kong) Ship Management Co., Ltd.",Membrane,174302.05,ABS (leading) & CCS,Gas Burning,GCU,295,288,45,26.25,26.25,31.4,0,9.4,11.5,0,"116,293.00","116,293.00",20,"76, 100, 100, 100",24%,17%,21%,22%,"100, 100, 100, 100",19%,18%,21%,23%,"154.6, 27.84%",HMPE ,115,NYLON,158,FWD : 3/3/2/2 :::::::: 2/3/2/2 AFT  ,10,1.2,1.85,2.15,"3, 3, 3, 3",None,"14,400",4,1.5,1.9,6-way Furukawa,37pin PYLE national compatible & MIYAKI compatible,GLH-310/5,GLH-310/5,596,387,38.2,469 mm,"6.3 Max, 3.2 Min.",4,5.95,3.85,3.6,1.5,
IBRA LNG,9326689,3EGE9,PANAMA,PANAMA,2006,AREEJ LNG CARRIER S.A.,"SHI, GEOJE KOREA",Membrane,148176.54,NKK,Gas Burning,N/A,285.1,272.04,43.4,26,26,30.75,0,9.4,11.5,0,"104,724.40","104,724.40",20,"100, 100, 100, 100",15%,15%,19%,21%,"100, 100, 100, 100",14%,14%,17%,19%,"139.2, 25.06%",Steel ,128,Polypropylene,165,FWD : 2/2/2/2 :::::::: 2/2/2/2 AFT  ,7.5,2.85,2.1,1.9,"3, 3, 3, 3",Have,"12,000",5,2.15,1.25,6 Core Type,37 way  (Adjustable),Radar Model (GLA-310/5),Float Model (Fig. 3304),595,387,36.6,469.9 mm,"6.3 Max, 3.2 Min.",8,6.6,4.5,4.7,2.6,
JOHN A. ANGELICOUSSIS,9901350,SVDK6,Hellenic(Greek),Piraeus,2022,VARTA SHIPPING LTD. (c/o MARAN GAS MARITIME INC.),MARAN GAS MARITIME INC,Membrane,"174,204.457 (EXCL. DOME)",Lloyd’s Register (LR),Gas Burning,GCU,294.9,288.5,46.4,26.5,27.2,30.86,0,8.75,12.2,0,"128,834.50","128,834.50",20,"42, 100, 100, 100",39%,17%,22%,25%,"100, 100, 100, 100",19%,18%,22%,25%,"171.2, 30.82%",HMPE ,125,polyester,160,FWD : 3/2/2/2 (in) :::::::: 2/2/2/3 AFT  ,20.5,2.8,0.25,2.4,"3.05, 3.05, 3.05, 3.05",Have,"12,500",10,1.39,0.66,Furukawa Compatible 6 pin connector,37-way Pyle Connector,"Radar type, Rosemount TankRadar TGU53 SCU","Float Level Gauge, FTLG 807",595.4,381,36.6,470 mm,"3.2 Max, 6.3 Min.",10,6.93,3.48,4.44,0.99,
KITA LNG,9636723,9HA3422,Malta,Valletta,2014,"Xiang CH8 HK International Ship Lease Co, Limited",Daewoo Shipbuilding and Marine Eng.,Membrane,160118.557,BUREAU VERITAS      ,Gas Burning,GCU,294.2,283.2,44,26,26,31,11.5,9.4,11.5,"111,888.40","111,888.40","111,888.40",20,"100, 100, 100, 100",18%,17%,21%,24%,"100, 100, 100, 100",19%,18%,21%,24%,"150.7, 27.13%",Syntetic UHMWPE,127,polyester,165,FWD : 3/2/2/2 :::::::: 2/2/2/3 AFT  ,3,2,2.1,1.9,"3.0m, 3.0m, 3.0m, 3.0m",Have,"13,128",5,1.9,1.5,Furukawa / Seatechnik Type Fibre-Optic Connector (6 core),HDE-B1716-621SL-AG (female): Pyle National AF-Searies Compatible,Radar,Float,595.4,385,36.6,1.5 mm,"6.3 Max, 3.2 Min.",5,,,,,
KOOL BLIZZARD,9635315,V7AF2,Marshall Islands,Majuro,2015,Kool Blizzard Corporation,Samsung Heavy Industries,Membrane,160545.423,DNV,Gas Burning,GCU,280.57,269,43.4,26.6,26.6,32.24,11.75,9.4,11.5,108807.1,108807.1,"102,611.00",13.8,"92, 100, 100, 100",0.29,25%,32%,35%,"100, 100, 100, 100",26%,24%,30%,33%,"70.5, 12.69%",Syntetic HMPE,129,Other,167,FWD : 2/2/3/2 :::::::: 2/3/2/2 AFT  ,11,1.7,1.7,2.5,"3, 3, 3, 3",Have,"14,000",5,0.66,2.74,NFI 6 Way,Pyle-National compatible 37 way,Radar Type,Radar Type,597,387,38.2,460 mm,"6.3 Max, 3.2 Min.",10,4.31,2.21,6.7,4.6,
KOOL CRYSTAL,9624926,V7AF6,MARSHALL ISLANDS,MAJURO / MARSHALL ISLANDS,2013,KOOL HUSKY CORPORATION,COOL COMPANY MANAGEMENT AS,GTT MARK-III,160645.46,DNV,Gas Burning,GCU,280.6,269,43.4,26.6,26.6,32.24,0,9.4,11.5,0,"112,216.00","112,216.00",13.8,"92, 100, 100, 100",29%,25%,32%,35%,"100, 100, 100, 100",26%,24%,30%,33%,"149.1, 26.85%",12-STRAND Dynema SK-75 Fiber rope ,128,Mixed Polyolefins and HT PES,165,FWD : 2/2/3/2 :::::::: 2/3/2/2 AFT  ,7.5,2,1.5,2.5,"3, 3, 3, 3",None,"14,000",4,0.66,2.74,NFI 6 Way (Furukawa - compatible) FO ship type connector,Pyle-National compatible 37 Way connector  ,Radar Type,Radar Type,597,387,36.6,469.9 mm,"6.3 Max, 3.2 Min.",5,7,4.9,3.56,1.46,
KOOL HUSKY,9626039,V7AF4,MARSHALL ISLANDS,MAJURO / MARSHALL ISLANDS,2013,KOOL HUSKY CORPORATION,COOL COMPANY MANAGEMENT AS,GTT MARK-III,160654.7,ABS,Gas Burning,GCU,280.6,269,43.4,26.6,26.6,32.24,0,9.4,11.5,0,"112,216.00","112,216.00",13.8,"92, 100, 100, 100",29%,25%,32%,35%,"100, 100, 100, 100",26%,24%,30%,33%,"149.1, 26.85%",12-STRAND Dynema SK-75 Fiber rope ,128,Mixed Polyolefins and HT PES,165,FWD : 2/2/3/2 :::::::: 2/3/2/2 AFT  ,7.5,2,1.5,2.5,"3, 3, 3, 3",Have,"14,000",4,0.66,2.74,NFI 6 Way (Furukawa - compatible) FO ship type connector,Pyle-National compatible 37 Way connector  ,Radar Type,Radar Type,597,387,36.6,469.9 mm,"6.3 Max, 3.2 Min.",5,6.35,4.25,6.86,4.76,
Kool Orca,9870525,D5XO2,Liberia,Monrovia,2021,Respent Marine LTD,Cool Company Management AS,Membrane,174031.38,DNV,Gas Burning,Reliq Plant,299.06,291,46.4,26.5,26.5,31.5,0,9.4,11.5,0,"116,509.00","116,509.00",20,"0, 100, 100, 100",#DIV/0!,30%,22%,24%,"0, 100, 100, 100",#DIV/0!,28%,21%,22%,"156.9, 28.25%",HMPE ,131,NIKA-NYLON 8 TAIL,131,FWD : 3/2/2/2 :::::::: 2/2/2/3 AFT  ,10,2.64,1.6,2.4,"3, 3, 3, 3",Have,"14,000",4,1.4,2,Fiber 6 Core Connector,37- Way Electrical Receptacle,Radar Type,Radar Type,597,387,36.6,469.9 mm,"6.3 Max, 3.2 Min.",10,7.1,5,5.75,3.65,
LNG PROSPERITY,9902938,5LCE8,LIBERIA,MONROVIA,2023,MERIDIAN 28 LIMITED,Bernhard Schulte Shipmanagement (Hellas) SPLLC.,Membrane,174007.59,DNV,Gas Burning,GCU,298.97,291,46.4,26.3,26.3,30.6,0,9.5,11.5,0,"116,183.00","116,183.00",20,"100, 100, 100, 91",0%,25%,24%,29%,"100, 100, 100, 100",0%,24%,23%,25%,"154.4, 27.8%",UHMWPE(SK-78 DYNEEMA) ,131,Nylon Multifilament,164,FWD : 3/2/2/2 :::::::: 2/2/2/3 AFT  ,5,3,1.9,2.2,"3, 3, 3, 3",Have,"12,000",4,2.4,1.1,Fiber Optic 6 Core Connector,Pyle National 37-Way Compatbile,Radar,Radar,595,381,37,469.9 mm,"6.3 Max, 3.2 Min.",5,7.03,5.03,3.75,1.75,
MALAGA KNUTSEN,9904182,FMRT,RIF,MARSEILLE,2021,KNUTSEN,MILLENAIRE FINANCEMENT,Membrane,173947.41,LLOYDS,Gas Burning,Reliq Plant,298.97,291,46.4,26.3,26.3,30.6,0,9.5,11.6,0,"116,183.00","116,183.00",20,"100, 100, 100, 95",0%,23%,22%,25%,"100, 100, 100, 100",0%,22%,21%,22%,"154.4, 27.8%",WIRE 6XWS(36)+IRWC ,131,NYLON,165,FWD : 3/2/2/2 :::::::: 2/2/2/3 AFT  ,7,0.65,1.9,2.1,"3, 3, 3, 3",Have,"12,200",5,2.4,1.1,FO type 6 cores,Electric connector 37-way receptacle,RADAR,RADAR,595,387,37.5,469.9 mm,"3.2 Max, 6.3 Min.",5,7.03,4.93,3.75,1.65,
Maran Gas Delphi,9633173,SVBW3,Hellenic (Greek),Piraeus/Greece,2014,ADA SHIPHOLDING INC. (c/o MARAN GAS MARITIME INC.),Maran Gas Maritime Inc.,Membrane,159965.97,ABS,Gas Burning,GCU,294.2,283.2,44,26,27.2,31.1,0,8.8,12.2,0,"111,858.40","111,858.40",20,"100, 100, 100, 100",20%,20%,24%,27%,"100, 100, 100, 100",22%,21%,24%,28%,"150.7, 27.13%",HMPE ,125,Nylon,160,FWD : 3/2/2/2 :::::::: 2/2/2/3 AFT  ,13.8,2.97,0.3,2.4,"3, 3, 3, 3",Have,"12,500",5,1.2,0.9,Furukawa Compatible 6 pin connector,37-way Pyle Connector,Rosemount Tank Radar G3 level unit - G1208,Float Level Gauge,595.4,387.4,36.6,470 mm,"6.3 Max, 3.2 Min.",10,5.06,1.66,6.71,3.308,
Maran Gas Kalymnos,9883742,SVDI6,Hellenic(Greek),Piraeus,2021,CANTANA MARITIME CORP C/O MARAN GAS MARITIME INC,DSME,Membrane,174121.849,ABS ,Gas Burning,GCU,294.9,288.5,46.4,26.5,27.2,30.86,11.5,8.75,12.2,"117,564.00","128,834.50","128,834.00",20,"100, 100, 100, 100",0.16,17%,22%,25%,"100, 100, 100, 100",19%,18%,22%,25%,"173.5, 31.24%",HMPE ,125,polyester,160,FWD : 3/2/2/2(in) :::::::: 2/2/2/3 AFT,20.5,2.8,0.25,2.4,"3.05, 3.05, 3.05, 3.05",Have,"12,500",10,1.39,0.66,Furukawa Compatible 6 pin connector,37-way Pyle Connector,Radar,Float,595.4,381,36.6,470 mm,"6.3 Max, 3.2 Min.",10,6.93,3.48,4.44,0.99,
Maran Gas Mystras,9658238,SVCB6,Hellenic (Greek),Piraeus/Greece,2015,BLUESKIES SHIPPING COMPANY LTD.,MARAN GAS MARITIME INC.,Membrane,"159,854.75",LR,Gas Burning,GCU,294.2,283.2,44,26,26,31.1,0,8.7,12.5,0,"111,656.10","111,656.10",20,"86, 100, 100, 100",20%,17%,21%,24%,"100, 100, 100, 100",19%,18%,21%,24%,"148.7, 26.77%",HMPE ,125,Polyester,160,FWD : 3/2/2/2 ::::::::2/2/2/3 AFT  ,13.8,2.97,1.4,0.9,"3, 3, 3, 3",Have,"12,500",10,1.1,0.6,Furukawa Compatible 6 pin connector,37-way Pyle Connector,Radar,Float gaige,595.4,387,36.6,470 mm,"6.3 Max, 3.2 Min.",5,6.81,3.01,5.16,1.364,
Minerva Limnos,9854375,9HA5355,Malta,Valetta,2021,Roland Shipping S.A.,Minerva Gas Inc.,Membrane,173569.5,DNV,Gas Burning,GCU,294.9,288.5,46.4,26.5,26.5,30.75,0,9.4,11.5,0,"94,833.60","94,833.60",20,"85, 100, 100, 100",25%,16%,21%,24%,"100, 100, 100, 100",19%,15%,19%,22%,"126, 22.69%",HMPE ,125,Other,125,FWD : 3/2/2/2 :::::::: 2/2/2/3 AFT  ,2.5,1.94,1.6,2.4,"3, 3, 3, 3",Have,"14,400",4,2.15,1.25,FC-Type connector 6 core,Pyle National 37 way,Radar level gauging system,Radar level gauging system,595,381,37.5,470 mm,"6.3 Max, 3.2 Min.",5,6.66,4.56,3.1,1,
ORION MONET,9888766,9HA5789,Franch ,Marseille,2022,SNC STELLA LEASE,Bernhard Schulte Shipmanagement Hellas SPLLC,Membrane,174279.17,Lloyds Register,Gas Burning,GCU,293.16,286,45.8,26.2,26.2,31,0,9.6,11.5,0,"117,683.00","117,683.00",20,"56, 100, 100, 100",30%,16%,19%,22%,"100, 100, 100, 100",17%,16%,19%,22%,"164, 29.53%",HMPE ,128,Nylon,165,FWD : 2/3/2/2 :::::::: 2/2/3/2 AFT  ,5,2.8,2.1,2.1,"3, 3, 3, 3",Have,"12,000",5,2.1,1.5,6-Way FO Connector,Pyle National 37-Way Connector,Radar,Radar,595,387,36.6,469.9 mm,"6.3 Max, 3.2 Min.",5,6.59,4.69,4.11,2.21,
PATRIS,9766889,D5NT8,Liberia,Monrovia,2018,Artemis Gas 1 Shipping Inc.,K Line Energy Shipping (UK) Ltd.,Membrane,173708.65,Lloyds Register,GCU,N/A,294.9,282.9,46.4,26.5,26.5,31.21,0,9.4,11.5,0,"131,214.80","131,214.80",20,"92, 100, 100, 100",23%,20%,23%,26%,"100, 100, 100, 100",22%,21%,24%,26%,"171.4, 30.86%",HMPE ,125,PE/OE,160,FWD : 3/2/2/2 (in) :::::::: 2/2/2/3 AFT  ,8.75,3.1,1.6,2.4,"3, 3, 3, 3",Have,"12,216",4,1.69,1.71,FC Type Connector (6 Core),PYLE NATIONAL CONNECTOR AF SERIES (HDE-1016-3716-M),Rosemount Tank Radar S-112,Enraf FTLG807,595.4,381,36.6,470 mm,"6.3 Max, 3.2 Min.",6,6.66,4.56,4.03,1.928,
PRISM BRILLIANCE,9810551,3FXT5,Panama,Panama,2019,HHIENS2 Shipholding S.A.,"SK SHIPPING CO., LTD",Membrane,180015.77,KR + ABS,Gas Burning,GCU,299,293.6,48,26.4,26.4,31.5,0,9.3,11.5,0,"121,682.00","121,682.00",20,"0, 100, 100, 100",#DIV/0!,25%,19%,21%,"0, 100, 100, 100",#DIV/0!,25%,19%,20%,"161.7, 29.11%",HMPE ,131,NYLON,166,FWD : 3/2/2/2 :::::::: 2/2/2/3 AFT  ,3.2,0.7,1.6,2.3,"3, 3, 3, 3",?,"14,000",4,1.3,2,6 core fiber optic connector,"37-way electrical connecotor (HDE-1716-3716F, HDE-1716-44-M)",RADAR,RADAR,597,387,36.6,460 mm,"6.3 Max, 3.2 Min.",10,6.56,4.36,4.12,1.915,
REX TILLERSON,9953248,5LPT9,Liberia,Monrovia,2024,ORYX LNG No.1 SHIPPING CORPORATION,"MOL GLOBAL SHIP MANAGEMENT
PTE.LTD.",Membrane,174083.3,ABS + CCS,Gas Burning,GCU,299,291,46.4,26.25,26.25,31,0,9.3,11.5,0,"117,089.70","117,089.70",20,"84, 100, 100, 100",25%,20%,23%,26%,"100, 100, 100, 100",21%,19%,23%,26%,"155.6, 28.02%",HMPE ,126,POLYAMIDE,158,FWD : 3/2/2/2 :::::::: 2/2/2/3 AFT  ,12.7,2.4,1.75,2.15,"3, 3, 3, 3",None,"14,000",5,1.8,1.5,6 way Furukawa,37 Pyle National,Radar,Radar,597,387.4,38,469.9 mm,"6.3 Max, 3.2 Min.",5,6.99,4.79,4.63,2.434,
SAINT BARBARA,9946386,FMTQ,FRANCE,MARSEILLE,2023,SNC CHOPIN LEASING,KNUTSEN OAS,Membrane,174136.61,LLOYD REGISTER,Gas Burning,Reliq Plant,298.97,291,46.4,35.3,26.3,29.19,0,9.6,11.5,0,"116,131.00","116,131.00",20,"0, 100, 100, 94",0%,21%,19%,20%,"0, 100, 100, 100",0%,21%,16%,16%,"154.3, 27.78%",Steel Wire ,131,Nylon Multi-Filament ,164,FWD : 2/2/3/2 :::::::: 2/3/2/2 AFT  ,4,5.36,2,2.2,"3, 3, 3, 3",Have,"12,249",4,2.5,1.1,Fibro Optic 6 Core Connector,37-Way Electric.Receptacle & Miyaki Tele Receptracle,GLA-310/5,GLH-320,597,381,37.5,469.9 mm,"3.2 Max, 6.3 Min.",8,6.93,5.03,3.65,1.75,
SEAPEAK CREOLE,9681687,C6BF3,Bahamas,Nassau / Bahamas,2016,SEA 64 LEASING CO. LIMITED,SEAPEAK MARITIME (GLASGOW) LIMITED,Membrane,173479.5,DNV,Gas Burning,GCU,294.9,282.9,46.4,26.5,26.5,31.2,0,9.4,11.5,0,"119,823.00","119,823.00",20,"100, 100, 100, 100",19%,18%,21%,24%,"100, 100, 100, 100",18%,17%,20%,23%,"169.5, 30.52%",HMPE ,125,Polyester,125,FWD : 3/2/2/2 :::::::: 2/2/2/3 AFT  ,3.5,3,1.6,2.4,"3, 3, 3, 3",Have,"14,000",5,1.7,1.7,FC Connector type,"37 way & 4 way, HDE-B1716-621S2 (Female) ",Radar type,Float,595.4,381,36.6,470 mm,"6.2 Max, 3.2 Min.",5,7.5,5.4,4.9,2.8,
Seapeak Glasgow,9781918,C6DG2,Bahamas,Nassau,2018,Seapeak Glasgow LLC,Seapeak Maritime (Glasgow) Ltd.,Membrane,174162.4,DNV,Gas Burning,Gas Burning,293.99,287.66,47.5,26.4,26.4,31.4,0,9.4,11.3,0,"119,000.00","119,000.00",20,"100, 100, 100, 100",0,30%,24%,27%,"100, 100, 100, 100",0%,29%,23%,25%,"158.2, 28.48%",HMPE ,125,Polyester,161.4/158,FWD : 3/2/2/2 :::::::: 2/2/2/3 AFT  ,11.5,3,1.7,2.5,"3, 3, 3, 3",Have,"14,000",4,1.5,2.1,Fibre core 6 core connector,37 way electrical receptacle,Radar,Float,595,381,37.8,470 mm,"6.3 Max, 3.2 Min.",5,7.22,5.32,3.92,2.02,
Seapeak Manila,9770921,C6CH8,Bahamas,Nassau,2018,Hai Jiao 1606,Seapeak Maritime,Membrane,173578.7,DNV,Reliq Plant,GCU,294.9,282.9,46.4,26.5,26.5,31.21,0,9.4,11.5,0,"119,823.00","119,823.00",20,"100, 100, 100, 100",18%,17%,21%,23%,"100, 100, 100, 100",17%,16%,19%,22%,"152.5, 27.46%",HMPE ,125,Nylon,160,FWD : 3/2/2/2 (in) :::::::: 2/2/2/3 AFT  ,3.5,3,1.6,2.4,"3, 3, 3, 3",Have,"14,000",4,1.69,1.71,FC-Type Connector,"37 way & 4 way, HDE-B1716-621S2 (Female) ",Radar type,Float Type,595.4,381,36.6,470 mm,"6.3 Max, 3.2 Min.",8,7.5,5.4,4.9,2.8,
SERI CAMELLIA,9714276,9MVR8,Malaysia,Port Kelang,2013,SERI CAMELLIA (L) PRIVATE LIMITED,SERI CAMELLIA (L) PRIVATE LIMITED,Moss-Type,150727,Lloyds Register,Gas Burning,N/A,290.2,277,48.9,23.35,27.64,31.75,0,9.3,11.5,0,"108,818.00","108,818.00",20,"12, 100, 100, 99",74%,27%,22%,26%,"80, 100, 100, 100",23%,19%,25%,28%,"144.6, 26.04%",GWSR ,143,Polyester,179,FWD : 3/3/2/2 :::::::: 2/2/3/3 AFT  ,2.5,1.7,0.4,3.5,"3, 3, 3, 3",Have,"11,600",5,1.05,2.25,6 way connector,SVHN-8F Male & SCHC 8-88F Female,Radar,Float,597,381,36.6,469.9 mm,"3.2 Max, 6.3 Min.",10,6,3.8,4.5,2.3,
Seri Cempaka,9714290,9MWM8,Malaysian,Port Kelang,2017,Seri Cempaka (L) Ptd Ltd.,MISC Marine,Moss-Type,150546.6,ABS   (As per HVPQ & Ship's particular),Gas Burning,Gas Burning,292.2,277,48.9,23.35,27.64,31.75,0,9.3,11.5,0,"108,818.00","108,818.00",20,"12, 100, 100, 99",24%,27%,30%,33%,"80, 100, 100, 100",21%,19%,29%,32%,"144.6, 26.04%",Galv.steel wire rope ,143,Polyester,179,FWD : 3/3/2/2 :::::::: 2/2/3/3 AFT  ,3.5,1.7,0.36,3.54,"3, 3, 3, 3",?,"11,600",5,1.05,2.25,6 way connector,37 way fibre core cable connector,Radar,Float,597,381,36.6,469.9 mm,"3.2 Max, 6.3 Min.",10,7.64,5.44,4.88,2.68,
SM EAGLE,9761827,3EMX3,PANAMA,PANAMA,2017,SMKLC LNG1 S.A.,"KLCSM CO., LTD.",Membrane,174263.16,KR&ABS,Gas Burning,Reliq Plant,295.5,283.5,46.4,26.5,26.5,31.21,0,9.4,11.7,0,"122,268.00","122,268.00",20,"100, 100, 100, 100",14%,14%,17%,19%,"100, 100, 100, 100",14%,14%,17%,19%,"155.8, 28.05%",UHMWPE ,125,NYLON MULTIFILAMENT,156,FWD : 3/2/2/2 :::::::: 2/2/2/3 AFT  ,3.05,2.87,1.6,2.2,"3, 3, 3, 3",Have,"12,660",10 barg (L) 2.4 barg (V),1.69,1.51,ST TYPE(FC multimode / 6 core),PYLE NATIONAL - 37 CORES WITH ADAPTER,"ROSEMOUNT TANKRADAR STaR SYSTEM R2907, WORKSATION V9B0","ROSEMOUNT TANKRADAR STaR SYSTEM R2907, WORKSATION V9B0",595.4,387,36.6,470 mm,"3.2 Max, 6.3 Min.",0,7.54,5.24,4.9,2.604,
TIANSHAN,1024754,VRWS4,HONG KONG,HONG KONG,2026,PCI LNG,"COSCO SHIPPING LNG (Hong Kong) Ship Management Co., Ltd.",Membrane,174257.210 m3,CCS,Gas Burning,GCU,295,288,45,26.25,26.25,31.4,0,9.4,11.5,0,"116,293.40","116,293.40",20,"45, 100, 100, 100",39%,17%,21%,23%,"99, 100, 100, 100",18%,17%,19%,22%,"154.6, 27.84%",HMPE ,115,NYLON,158,FWD : 3/2/2/2 :::::::: 2/2/2/3 AFT  ,12.4,2.1,1.85,2.15,"3, 3, 3, 3",None,"14,029",4,1.5,1.9,6-way Furukawa,37pin PYLE national compatible & MIYAKI compatible,GLH-310/5,GLH-310/5,595,387,38,469.9 mm,"6.3 Max, 3.2 Min.",5,5.95,3.85,3.6,1.5,
Woodside Donaldson,9369899,9V8262,Singapore,Singapore,2009,MALT Singapore PTE LTD,Seapeak Maritime Glasgow,GTT Mark III,165757.943,Bureau Veritas,Gas Burning,GCU,286.17,275,43.4,26.6,26.6,31.4,0,9.6,11.9,0,"110,217.00","110,217.00",28,"86, 100, 100, 100",14%,11%,14%,16%,"100, 100, 100, 100",11%,10%,13%,14%,"146.5, 26.38%",Galvanised steel wires ,115,High performance polyester,177,FWD : 2/3/2/2 :::::::: 2/2/3/2 AFT  ,4,2.65,1.7,2.1,"3, 3, 3, 3",Have,"12,500",4,1.7,1.5,C-411 (6 PINS),HDE-B1716-621SL-AG (Female) ,Tank Radar level gauge system,FIG3304,595,387,38.8,460 mm,"12.5 Max, 3.2 Min.",8,5.05,2.75,0.88,-1.42,
Woodside Rogers,9627485,SVBS6,Hellenic (Greek),Piraeus/Greece,2013,"MARGIE  SEAWAY CORPORATION INC. / LIBERIA, C/O MARAN GAS MARITIME INC. ",MARAN GAS MARITIME INC,Membrane,159846.98,DNV,Gas Burning,GCU,294.2,283.2,44,26,26,31,0,8.7,11.5,0,"111,858.40","111,858.40",20,"100, 100, 100, 100",19%,20%,24%,27%,"100, 100, 100, 100",22%,21%,24%,28%,"148.7, 26.77%",HMPE ,125,Polyester,160,FWD : 3/2/2/2 :::::::: 2/2/2/3 AFT ,13.8,2.97,1.4,1.9,"3, 3, 3, 3",Have,"12,500",10,1.2,1.5,Furukawa Compatible 6 pin connector,37-way Pyle Connector,Radar,Float Level Gauge,595.4,387,36.6,470 mm,"6.3 Max, 3.2 Min.",5,4.71,1.91,2.71,-0.09,
CELSIUS CHARLOTTE,9878711,V7A4386,MARSHALL ISLANDS,MAJURO,44361,"Xiang H24 International Ship Lease Co., Limited",Celsius Tech Ltd.,Membrane,180289.5,Lloyd's Register,Gas Burning,GCU,299.16,292,45.8,26.2,26.2,31.5,0,9.6,11.5,"123,265.00","123,265.00","123,265.00",14,"100, 100, 100, 100",27%,26%,32%,37%,"100, 100, 100, 100",26%,24%,30%,34%,"163.8, 29.49%",HMPE ,127,nylon,160,FWD : 3/2/2/2 :::::::: 2/2/2/3 AFT  ,2.5,1.9,2.1,2.1,"3, 3, 3, 3",Have,"15,600",5,1.6,2,6-WAY FO SHIP TYPE CONNECTORS,PYLE-NATTIONAL COMPATIBLE 37 WAY-CONNECTOR,"Custody Transfer System, Secondary Level Gauging System, Tank Overfill, Protection System GLA-310/5","Custody Transfer System, Secondary Level Gauging System, Tank Overfill, Protection System GLA-310/5",595,387.4,36.6,460 mm,"6.3 Max, 3.2 Min.",10,6.89,4.99,3.59,1.69,
BW PAVILION LEEARA,9640645,9V2726,SINGAPORE,SINGAPORE,2015,BW PAVILION LEEARA PTE LTD,BW LNG AS,Membrane,161866.18,DNV,Gas Burning,GCU,288.89,275,45.6,26,26,31.75,0,9.02,11.5,0,"112,777.00","112,777.00",20,"0, 100, 100, 100",#DIV/0!,25%,22%,24%,"100, 100, 100, 100",0%,24%,21%,22%,"151.9, 27.35%",HMPE ,127,Polyester,181,FWD : 3/2/2/2 :::::::: 2/2/2/3 AFT  ,3.5,3.2,1.72,1.9,"3, 3, 3, 3",Have,"12,400",5,0.77,2.25,8 FIBER CORE CABLE CONNECTOR,37 WAY PYLE RECEPTACLE,Radar,WHESSOE TOTAL AUTOMATION LTD.FIG 3304,595.4,387.4,37.6,469.9 mm,"6.3 Max, 3.2 Min.",5,8.21,5.73,5.36,2.879,
GLOBAL SEALINE,9880477,V7A4694,Marshall Islands,Majuro,2022,Hai Kuo Shipping 2219G Limited,Nakilat Shipping (Qatar) Limited - NSQL,Membrane,174254,DNV,Gas Burning,Reliq Plant,294.9,288.5,46.4,26.5,26.5,30.86,0,8.75,12.2,0,"117,242.30","117,242.30",20,"42, 100, 100, 100",39%,17%,22%,25%,"100, 100, 100, 100",19%,18%,22%,25%,"155.8, 28.05%",HMPE ,128,NIKA NYLON,160,FWD : 3/2/2/2(in) :::::::: 2/2/2/3 AFT  ,3,3,0.95,1.7,"3.05, 3.05, 3.05, 3.05",Have,"14,000",5,1.39,0.66,FC Type Connector (6 core),HDE-B1716-621SL-AG(female) : Pyle-National AF-Series Compatible,GLA-310/5,FTLG 807 SUS/T39,595.4,381,36.6,470 mm,"6.3 Max, 3.2 Min.",10,6.93,3.48,4.44,0.99,
GREENERGY MOON,9961506,9V8594,SINGAPORE,SINGAPORE,2025,COMPASS SHIPPING 118 PRIVATE LIMITED,MOL GLOBAL SHIP MANAGEMENT PTE. LTD.,Membrane,174249.67,ABS + CCS,Gas Burning,GCU,299,291,46.4,26.25,26.25,31,0,9.3,11.5,0,"117,089.60","117,089.60",20,"84, 100, 100, 96",24%,18%,23%,26%,"100, 100, 100, 100",20%,19%,23%,26%,"155.6, 28.02%",HMPE ,126,NYLON POLYAMIDE,158,FWD : 3/2/2/2 :::::::: 2/2/2/3 AFT  ,21.3,2.58,1.75,2.15,"3, 3, 3, 3",None,"14,000",5,1.8,1.5,FC Multimode type 6 core connector,37 Pyle National,Radar,Radar,597,387,38,469 mm,"6.3 Max, 3.2 Min.",5,6.97,4.77,4.67,2.47,
Clean Sirocco,9967342,9HA6178 ,Malta,Valletta,2026,Bright Navigation Limited,Dynagas Ltd,Membrane,199852.08,BV,Gas Burning,GCU,299.78,294.6,48.9,26.9,26.9,31.15,0,9.3,11.5,0,"130,266.00","130,266.00",32.6,"100, 100, 100, 100",5%,14%,13%,14%,"100, 100, 100, 100",11%,11%,13%,14%,"173.1, 31.17%",UHMPE ,131,nylon,164,FWD : 3/2/2/2 :::::::: 2/2/2/3 AFT  ,2.5,30.9,1.1,2.8,"3, 3, 3, 3",Have,"16,400",4,1.65,1.65,FC - Type-Way Furukawa-compatible (6 core) connector,37-Way Receptacle & Miyaki Telephone Receptacle,Radar Level Gauge,Float Level Gauge,595,387,38,469.9 mm,"6.3 Max, 3.2 Min.",5,7.45,5.25,3.75,1.55,
MARVEL FALCON,9760768,9V5057,SINGAPORE,SINGAPORE,2018,"TEA TREE SHIPPING PTE. LTD.
Harbourfront Place, #14-01, Harbourfront Tower One, Singapore,98633
SINGAPORE","NYK SHIPMANAGEMENT PTE LTD
1 HarbourFront Place #15-01 HarbourFront Tower One
Singapore 098633",Membrane,174231.8,ABS,Gas Burning,GCU,293.3,285,45.8,26.2,26.2,30.1,0,9.6,11.35,0,"115,962.00","115,962.00",20,"65, 100, 100, 100",26%,16%,19%,22%,"100, 100, 100, 100",17%,15%,18%,20%,"154.1, 27.75%",HMPE rope ,127,High Tenacity Polyolefin & High Tenacity Polyester,161,FWD : 2/2/2/2(in) :::::::: 2/2/2/2 AFT  ,8.4,2.6,2.1,2.25,"3, 3, 3, 3",Have,"14,000",5,3,0.75,6-Way (Furukawa-Compatible) FO ship type connectors,"Pyle-National compatible 37 Way connector (Plug & Receptacle),Miyaki compatible 6-Way ",Radar microwave transmitter,Radar microwave transmitter,598.5,387.4,38,469.9 mm,"6.3 Max, 3.2 Min.",5,6.23,4.48,3.76,2.01,
SOLARIS,9634098,ZCEL5,BERMUDA,HAMILTON,2014,GAS-Eight LTD,Gaslog LNG Services Ltd,Membrane,155106.6,ABS,Gas Burning,GCU,285.12,274,43.4,26,29.9,30.8,0,9.3,11.5,0,"105,879.20","105,879.20",20,"100, 100, 100, 100",18%,17%,22%,24%,"100, 100, 100, 100",18%,16%,21%,23%,"140.7, 25.33%",HMPE ,128,PE,161,FWD : 2/3/2/2 :::::::: 2/2/3/2 AFT  ,6,2.97,0.95,2.95,"3, 3, 3, 3",None,"12,000",4,2,1.3,6-way (furukawa-compatible),"37 Way Electrical Receptable, 4-Way Electrical Receptable",Radar level ,float level,597,387.4,36.6,469.9 mm,"6.3 Max, 3.2 Min.",5,6.9,4.7,3.6,1.4,
